<?xml version="1.0"?>
<psalm
  errorLevel="1"
  findUnusedBaselineEntry="true"
  findUnusedCode="false"
  resolveFromConfigFile="true"
  xmlns:xsi="http://www.w3.org/2001/XMLSchema-instance"
  xmlns="https://getpsalm.org/schema/config"
  xsi:schemaLocation="https://getpsalm.org/schema/config vendor/vimeo/psalm/config.xsd"
>
  <projectFiles>
    <directory name="src" />
      <ignoreFiles>
        <directory name="vendor" />
    </ignoreFiles>
  </projectFiles>
  <issueHandlers>
    <MixedAssignment errorLevel="suppress" />
  </issueHandlers>
</psalm>
